article_title,article_url
Contadora De Billetes Máquina Contar + Lapiz Detector Falsos,$ 18.099$ 12.14932% OFFEnvío gratis Contadora De Billetes Máquina Contar + Lapiz Detector Falsos
Smart Tv Hitachi 55  Cdh-le554ksmart21 4k Uhd, OFERTA DEL DÍA$ 94.999$ 83.99911% OFFEnvío gratis Smart Tv Hitachi 55  Cdh-le554ksmart21 4k Uhd
Microfono Condenser Profesional Bm800 Estudio + Kit Completo, OFERTA DEL DÍA$ 4.999$ 4.04919% OFFEnvío gratis Microfono Condenser Profesional Bm800 Estudio + Kit Completo
Samsung Galaxy S21 Fe Gris Oscuro 5g,$ 134.999$ 107.99920% OFFHasta 9 cuotas sin interésEnvío gratis Samsung Galaxy S21 Fe Gris Oscuro 5g
Sony PlayStation 5 825GB Standard  color blanco y negro,$ 189.999$ 175.9997% OFFEnvío gratis Sony PlayStation 5 825GB Standard  color blanco y negro
Cartuchera Escolar Extra Grande Elasticos Para 66 Lapices ,$ 10.299$ 8.23920% OFFHasta 6 cuotas sin interésEnvío gratis Cartuchera Escolar Extra Grande Elasticos Para 66 Lapices 
 Nikon Coolpix B B500 compacta avanzada color  negro , OFERTA DEL DÍA$ 77.227$ 73.3664% OFFEnvío gratis  Nikon Coolpix B B500 compacta avanzada color  negro 
Máquina De Afeitar Metálica Nueva Para Hojas Gillette Estilo Antiguo -distr. Oficial Perfumeria Family,$ 1.029Máquina De Afeitar Metálica Nueva Para Hojas Gillette Estilo Antiguo -distr. Oficial Perfumeria Family
Globo Luminoso Led Cristal Alambre 30 Leds 3 Metros Colores,$ 76978Globo Luminoso Led Cristal Alambre 30 Leds 3 Metros Colores
Smart Tv Hitachi 55  Cdh-le554ksmart21 4k Uhd, OFERTA DEL DÍA$ 94.999$ 83.99911% OFFEnvío gratis Smart Tv Hitachi 55  Cdh-le554ksmart21 4k Uhd
Heladera no frost Whirlpool WRE80 blanca con freezer 573L 220V, OFERTA DEL DÍA$ 428.999$ 236.09944% OFFHasta 6 cuotas sin interésEnvío gratis Heladera no frost Whirlpool WRE80 blanca con freezer 573L 220V
Suplemento en polvo Star Nutrition  Creatine Monohydrate creatina en pote de 300g, MÁS VENDIDO$ 5.999Envío gratis Suplemento en polvo Star Nutrition  Creatine Monohydrate creatina en pote de 300g
Reloj Despertador Digital Cristal Liquido Alarma Temperatura, OFERTA DEL DÍA$ 1.199$ 1.1395% OFFReloj Despertador Digital Cristal Liquido Alarma Temperatura
Dvd - The Walking Dead - Temporada 7,$ 1.937Dvd - The Walking Dead - Temporada 7
Coche Travel Mega Baby Etna Bebe C/huevito Manija Rebatible , OFERTA DEL DÍA$ 26.690$ 23.75510% OFFHasta 6 cuotas sin interésEnvío gratis Coche Travel Mega Baby Etna Bebe C/huevito Manija Rebatible 
Chevrolet Onix Plus Premier Automatico 2022,$ 3.699.900Chevrolet Onix Plus Premier Automatico 2022
Guantes Hawk Winter Invierno Protecciones + Tactil Motodelta,$ 5.699$ 5.699Envío gratis Guantes Hawk Winter Invierno Protecciones + Tactil Motodelta
Campera Agnes 47 Street,$ 19.999Hasta 6 cuotas sin interésEnvío gratis Campera Agnes 47 Street
Bomba Presurizadora De Agua Elevadora Presion 9 Metros 220v,$ 8.999$ 6.99922% OFFEnvío gratis Bomba Presurizadora De Agua Elevadora Presion 9 Metros 220v
Masajeador Cervical Espalda Hombros Pie Shiatsu Calor Lumbar,$ 9.225$ 5.99035% OFFEnvío gratis Masajeador Cervical Espalda Hombros Pie Shiatsu Calor Lumbar
Afeitadora y cortadora de pelo Philco Grooming Kit 5 en 1 CB8870PN negra 220V, MÁS VENDIDO$ 3.899Envío gratis Afeitadora y cortadora de pelo Philco Grooming Kit 5 en 1 CB8870PN negra 220V
